{
  "truth": {
    "truth1": [
      "真心话1-题目1",
      "真心话1-题目2",
      "真心话1-题目3",
      "真心话1-题目4",
      "真心话1-题目5",
      "真心话1-题目6",
      "真心话1-题目7",
      "真心话1-题目8",
      "真心话1-题目9",
      "真心话1-题目10",
      "真心话1-题目11",
      "真心话1-题目12",
      "真心话1-题目13",
      "真心话1-题目14",
      "真心话1-题目15",
      "真心话1-题目16",
      "真心话1-题目17",
      "真心话1-题目18",
      "真心话1-题目19",
      "真心话1-题目20",
      "真心话1-题目21",
      "真心话1-题目22",
      "真心话1-题目23",
      "真心话1-题目24",
      "真心话1-题目25",
      "真心话1-题目26",
      "真心话1-题目27",
      "真心话1-题目28",
      "真心话1-题目29",
      "真心话1-题目30"
    ],
    "truth2": [
      "真心话2-题目1",
      "真心话2-题目2",
      "真心话2-题目3"
    ]
  },
  "dare": {
    "dare1": [
      "大冒险1-题目1",
      "大冒险1-题目2",
      "大冒险1-题目3",
      "大冒险1-题目4",
      "大冒险1-题目5",
      "大冒险1-题目6",
      "大冒险1-题目7",
      "大冒险1-题目8",
      "大冒险1-题目9",
      "大冒险1-题目10",
      "大冒险1-题目11",
      "大冒险1-题目12",
      "大冒险1-题目13",
      "大冒险1-题目14",
      "大冒险1-题目15",
      "大冒险1-题目16",
      "大冒险1-题目17",
      "大冒险1-题目18",
      "大冒险1-题目19",
      "大冒险1-题目20",
      "大冒险1-题目21",
      "大冒险1-题目22",
      "大冒险1-题目23",
      "大冒险1-题目24",
      "大冒险1-题目25",
      "大冒险1-题目26",
      "大冒险1-题目27",
      "大冒险1-题目28",
      "大冒险1-题目29",
      "大冒险1-题目30"
    ],
    "dare2": [
      "大冒险2-题目1",
      "大冒险2-题目2",
      "大冒险2-题目3",
      "大冒险2-题目4",
      "大冒险2-题目5",
      "大冒险2-题目6",
      "大冒险2-题目7",
      "大冒险2-题目8",
      "大冒险2-题目9",
      "大冒险2-题目10",
      "大冒险2-题目11",
      "大冒险2-题目12",
      "大冒险2-题目13",
      "大冒险2-题目14",
      "大冒险2-题目15",
      "大冒险2-题目16",
      "大冒险2-题目17",
      "大冒险2-题目18",
      "大冒险2-题目19",
      "大冒险2-题目20",
      "大冒险2-题目21",
      "大冒险2-题目22",
      "大冒险2-题目23",
      "大冒险2-题目24",
      "大冒险2-题目25",
      "大冒险2-题目26",
      "大冒险2-题目27",
      "大冒险2-题目28",
      "大冒险2-题目29",
      "大冒险2-题目30"
    ]
  }
}