{
  "truth": {
    "feast_sip": [],
    "feast_swirl": [],
    "feast_toast": [],
    "feast_blackout": [],
    "lovers_wink": [],
    "lovers_smile": [],
    "lovers_blush": [],
    "lovers_melt": [],
    "mates_chat": [],
    "mates_vibe": [],
    "mates_spark": [],
    "mates_wild": []
  },
  "dare": {
    "feast_sip": [],
    "feast_swirl": [],
    "feast_toast": [],
    "feast_blackout": [],
    "lovers_wink": [],
    "lovers_smile": [],
    "lovers_blush": [],
    "lovers_melt": [
      "低头-跪下，从主人双腿之间慢慢爬过，不许抬头",
      "宠溺-从前面钻到主人胯下停住，抬头接住主人赏赐的口水",
      "乖狗狗-从主人后面腿间钻过去，再趴下亲吻主人脚背",
      "骑马-从主人身后钻进双腿之间，驮主人到休息处",
      "挺胸抬头-钻过主人胯下时，脸贴着主人腿内侧不许低头",
      "匍匐-趴好，让主人跨在你头上跨过去",
      "跨栏-挺身抬头让主人跨在你头上跨过去",
      "测温-将舌尖伸入主人后方的入口2cm深度，感受温度",
      "铺路-用舌头沿着主人后方的褶皱舔到前方森林",
      "描摹-用舌尖描绘主人前方花园的轮廓",
      "画家-用舌尖在主人腿根处画爱心",
      "画家-用舌尖在主人菊花处画爱心",
      "画家-用舌尖在主人指定的身体三处位置画爱心",
      "铺路-用舌尖沿着主人前方的缝隙缓缓舔到肚脐不许中断",
      "你好，我吃一点-用舌尖舔干主人脚趾缝的每一寸",
      "挠痒-用舌尖舔过主人脚底最敏感的地方，取悦主人，直到主人叫出声或满意",
      "圣水-跪在主人面前，仰头接住主人圣水，好好感谢赏赐",
      "快乐水-跪着接住主人亲口赏赐的饮料，并感恩地吞下",
      "回味-感恩地吞下主人赐下的浓痰，不许皱眉",
      "唾弃-接住主人吐在你脸上的唾液，眼睛必须睁着，感受主人的唾弃",
      "喂狗-跪着接住主人咀嚼过的食物，感恩地吞下",
      "更衣-帮主人褪下内裤，不许用手",
      "更衣-帮主人褪下袜子，不许用手",
      "听话的小狗-像狗一样叼着主人袜子，等待命令",
      "发情的小狗-叼着主人内裤在主人面前自慰30秒",
      "做饭-吃掉主人脚踩碎的食物并感谢施舍",
      "挑战-取出主人塞进任意部位的零食，不许用手",
      "海风-跪下，在主人双腿间深呼吸三次，描述味道",
      "喜欢吗？-把鼻子埋进主人森林深吸三次，感受气息",
      "捆绑-双手被绑住，等待主人摆布",
      "蒙眼-蒙着眼让主人随意调教，直到主人说停",
      "可怜-被捆在桌腿上，任主人摆布到满意为止",
      "遛狗-戴着项圈被主人牵到角落跪好",
      "猜猜看-蒙眼让主人喂食或舔身体部位，猜错任意惩罚",
      "请坐-被主人坐脸窒息30秒，可以求饶",
      "溺水-被主人骑脸窒息30秒，可以求饶",
      "中场休息-让主人贴在你面前自慰三十秒，不许眨眼，然后帮主人清洁手指和按摩部位",
      "胜利-让主人骑在身上抽耳光，每一下都要道谢",
      "自己贴上来-让主人用脚掌抽耳光",
      "隐忍-被主人用脚趾摩擦你的唇，不许伸舌头，否则被任意惩罚",
      "不发-被主人奖励按摩私处30秒，不许出声和高潮，否则收到惩罚",
      "膜拜-很简单，给主人磕三个头",
      "自觉-趴在主人脚边舔去不小心滴上去的酸奶",
      "小心翼翼-用口水舔湿主人下面所有毛发，如果有脱落必须让主人掐脖子塞进喉咙咽下去",
      "擦腚-被主人惩罚按着脸在身后摩擦10s",
      "蹂躏-被主人惩罚按着脸在身下摩擦10s",
      "自律-在主人面前自慰30秒，不许出声和高潮，否则收到惩罚",
      "服侍-用主人指定玩具帮主人按摩到湿润，然后用嘴清洁干净",
      "蘸酱-用黄瓜(可替代)帮主人按摩到湿润，然后咬一口吃下去",
      "伺候-用手指帮主人按摩到湿润，然后舔干净",
      "唇枪-用嘴唇帮主人按摩到湿润，然后舔干净",
      "舌剑-用舌尖帮主人按摩到湿润，然后舔干净"
    ],
    "mates_chat": [],
    "mates_vibe": [],
    "mates_spark": [],
    "mates_wild": []
  }
}